{
  "dataset": "combined",
  "total_samples": 22586,
  "train_samples": 15809,
  "val_samples": 3388,
  "test_samples": 3389,
  "label_distribution": {
    "train": {
      "2.0": 5669,
      "0.0": 5449,
      "1.0": 4691
    },
    "val": {
      "2.0": 1225,
      "0.0": 1165,
      "1.0": 998
    },
    "test": {
      "2.0": 1241,
      "0.0": 1140,
      "1.0": 1008
    }
  },
  "avg_text_length": {
    "train": 63.79808969574293,
    "val": 63.65200708382527,
    "test": 63.7456476836825
  }
}