{
  "dataset": "smnbc",
  "total_samples": 10751,
  "train_samples": 7525,
  "val_samples": 1613,
  "test_samples": 1613,
  "label_distribution": {
    "train": {
      "2.0": 3711,
      "0.0": 3484,
      "1.0": 330
    },
    "val": {
      "2.0": 805,
      "0.0": 744,
      "1.0": 64
    },
    "test": {
      "2.0": 822,
      "0.0": 718,
      "1.0": 73
    }
  },
  "avg_text_length": {
    "train": 57.772757475083054,
    "val": 56.3112213267204,
    "test": 57.6478611283323
  }
}