{
  "dataset": "sst",
  "total_samples": 11835,
  "train_samples": 8284,
  "val_samples": 1775,
  "test_samples": 1776,
  "label_distribution": {
    "train": {
      "1": 4361,
      "0": 1965,
      "2": 1958
    },
    "val": {
      "1": 934,
      "0": 421,
      "2": 420
    },
    "test": {
      "1": 935,
      "0": 422,
      "2": 419
    }
  },
  "avg_text_length": {
    "train": 69.27136648961854,
    "val": 70.32281690140844,
    "test": 69.28378378378379
  }
}